{
  "defaultSeverity": "error",
  "extends": [
    "tslint:recommended"
  ],
  "jsRules": {},
  "rules": {
    "indent": [ true, "spaces", 2 ],
    "no-console": false,
    "quotemark": [ true, "single" ],
    "semicolon": [ true, "always" ],
    "trailing-comma": false,
    "ordered-imports": false,
    "object-literal-sort-keys": false,
    "variable-name": [ true, "allow-leading-underscore", "allow-pascal-case" ],
    "max-classes-per-file": false,
    "no-bitwise": false
  },
  "rulesDirectory": []
}
